{
  "dataset_version": "v1",
  "total_questions": 60,
  "hit_1": 0.7166666666666667,
  "hit_3": 0.8833333333333333,
  "hit_5": 0.8833333333333333,
  "recall": 0.7075992063492064,
  "precision": 0.45376984126984105,
  "mrr": 0.7937500000000001,
  "ndcg": 0.8715864527568802,
  "refusal_rate": 0.21666666666666667,
  "avg_latency_ms": 15358.183333333332,
  "avg_length_words": 62.766666666666666
}